<?xml version="1.0" encoding="UTF-8"?>
<project-private xmlns="http://www.netbeans.org/ns/project-private/1">
    <editor-bookmarks xmlns="http://www.netbeans.org/ns/editor-bookmarks/2" lastBookmarkId="0"/>
    <open-files xmlns="http://www.netbeans.org/ns/projectui-open-files/2">
        <group name="Group 20180416-11:55:00">
            <file>file:/E:/Snehal/Java%20programs/project3/src/altnum.java</file>
            <file>file:/E:/Snehal/Java%20programs/project3/src/loops2.java</file>
            <file>file:/E:/Snehal/Java%20programs/project3/src/loop3.java</file>
        </group>
    </open-files>
</project-private>
